feature,importance_mae,std
car_age,16.96389633689372,0.3279547896388791
engine_cc,15.11718721301651,0.5799380160963014
model_name,8.012956218193054,0.22773505707928127
make,5.367131408445994,0.12474276322804326
transmission_auto,5.246241268038432,0.361888102386767
log_km,1.5755103706970215,0.10217330424787711
fuel,0.6247073727874755,0.07179232006123933
km_per_year,0.3397498541959127,0.03856158127098168
is_electric,0.3057265966835024,0.004003254113403155
variant_tier,0.29598272108840984,0.04584759855101327
is_hybrid,0.11953809816360472,0.024866109211415074
battery_kwh,-0.01473350645955449,0.0075478721861445535
