segment,level,n,mae_lakh,rmse_lakh,r2_lakh,mape,median_ape,within_10pct,within_20pct,mae_log,rmse_log,r2_log
make_group,Daihatsu,499,1.9862755171287814,2.842635229459747,0.9501040060593796,0.10345400253258094,0.0719559479186872,0.6432865731462926,0.8857715430861723,0.09562347524989856,0.13686294274582478,0.9543432353683735
make_group,Honda,2172,2.675303098904814,4.04437963394238,0.9618282003041401,0.08434976343097896,0.055539710282776156,0.7251381215469613,0.9203499079189686,0.07701239512501501,0.11882203341982579,0.9557397363895092
make_group,Hyundai,172,3.230630141516013,6.024537041887419,0.9764122036609851,0.10517305962487539,0.04928931457331983,0.7093023255813954,0.8488372093023255,0.0929626029610711,0.1506127469235869,0.979720961037272
make_group,KIA,250,3.226802153552763,4.42442934966687,0.9723619164881985,0.07147639020713005,0.04629256599355684,0.816,0.964,0.06428382830956501,0.09708837718504085,0.9813116409171877
make_group,Mitsubishi,143,3.490955112454482,5.682476597199376,0.7525643733554495,0.3251935308083801,0.12188186856902487,0.4405594405594406,0.6853146853146853,0.16832348287944154,0.3004884610999932,0.6546437499038195
make_group,Nissan,301,3.3657818571895852,8.04900501136002,0.8407498296310718,0.4222679834651478,0.07396553054621434,0.6046511627906976,0.8338870431893688,0.13213259517973722,0.31881659719375066,0.8057227104140637
make_group,Other,657,12.815321546000735,37.74360009775391,0.8915341534229417,0.3165397886319684,0.07162869625832445,0.6057838660578386,0.8006088280060882,0.1470180792903753,0.3358554598470443,0.8840993818930667
make_group,Suzuki,2712,1.577377042562172,2.571156217433406,0.9385102915632126,0.11366161135808406,0.08038251364896423,0.5921828908554573,0.8484513274336283,0.10034116571061102,0.14622555563563167,0.9396461260272002
make_group,Toyota,3388,4.7847216018955105,10.56762653673807,0.9775028934843707,0.1488896237177547,0.06429878057879126,0.6735537190082644,0.8949232585596222,0.09359026781355097,0.17172901983929054,0.9368717562257601
price_bucket,budget,3194,1.7918981404372716,5.9021070314928945,-0.5916511259218376,0.2829234991895682,0.10561538467424951,0.4743268628678773,0.7620538509705698,0.13536502738205725,0.2503935267214777,0.6496078277701616
price_bucket,mid,5423,2.6797636419366113,3.913285073425995,0.8527510503047471,0.07758419232697035,0.05613389783389477,0.7348331182002582,0.9345380785543057,0.07610548897290045,0.11158426720157946,0.8377592550525674
price_bucket,premium,1677,10.929668663259818,26.89160278868246,0.9350583358455262,0.08387220039424696,0.05241617347472064,0.7471675611210495,0.9147286821705426,0.09040770008570231,0.17946688795991367,0.8766251918703232
fuel,CNG,71,1.4003472692283976,2.3294032371838798,0.7215478016566585,0.17862707308509146,0.11910590140085851,0.4225352112676056,0.7887323943661971,0.14127190438983653,0.20393196485330287,0.7742789374042678
fuel,Diesel,392,7.229104976395793,11.59098315947526,0.9499906796853419,0.2979149978945003,0.09684150743253994,0.5102040816326531,0.7346938775510204,0.1504598943236674,0.270725135065758,0.897911894251097
fuel,Electric,34,44.788564781157675,73.14252183059523,0.847684010330304,3.559957882581525,0.11758461281254276,0.47058823529411764,0.6764705882352942,0.3582450725126172,0.9271803051271617,0.533498942538252
fuel,Hybrid,717,6.033499308609501,19.162601754021356,0.7746579958888691,0.18117106354853016,0.06030877373479481,0.7210599721059973,0.9302649930264993,0.08968978388419475,0.20244947801454982,0.8083886209458921
fuel,LPG,13,1.4066193440239187,1.842489422583194,0.818096431615565,0.26236993536251607,0.2065710470266057,0.3076923076923077,0.46153846153846156,0.19444508186138842,0.24140904109086087,0.7477281394842556
fuel,Petrol,9067,3.2849217132346475,10.011411076931141,0.9643187193896731,0.11924960630487778,0.06530707970846995,0.6601963163119003,0.8818793426712254,0.09359913971996275,0.1595229628143192,0.9575125631025887
age_bucket,0-4,2604,4.381591486180247,14.420179769763509,0.9517717857258579,0.13390656325427913,0.04302668017749947,0.8433179723502304,0.967741935483871,0.0649991236529907,0.17087242460961363,0.9063406655983829
age_bucket,5-9,2871,4.082720140462506,12.0955581357106,0.9685200448172329,0.08531897420682498,0.05711070792609283,0.7436433298502264,0.9442702890978754,0.0748758675602268,0.11667939801493019,0.9681289180199311
age_bucket,10-19,3356,3.3595889410822446,10.946196057593914,0.8768963626944201,0.16768086614583655,0.08485365383394314,0.5616805721096544,0.8510131108462455,0.10985057486260635,0.19414638902352838,0.9136435618298673
age_bucket,20+,1463,2.856323307937366,5.447698982147804,0.8924130013426794,0.21098425086427094,0.1401113934090703,0.367053998632946,0.6486671223513328,0.16664717307269106,0.23409968297009187,0.8987361700477232
